Person1,Person2,similarity,r.class
191000020001,191532120682,0.29411764705882354,1
191000020001,191511510241,0.2222222222222222,0
191000030001,191532130682,0.15,1
191000040001,191532140682,0.15,1
191000180005,191532250685,0.2,1
191000410010,191532420689,0.12903225806451613,1
191000430011,191507100139,0.2777777777777778,1
191000440012,191542030909,0.21052631578947367,1
191000490013,191532540692,0.2777777777777778,1
191000520014,191532570693,0.1875,1
191000530014,191532580693,0.3,1
191000540015,191532590694,0.21052631578947367,1
191000570016,191532620695,0.21621621621621623,1
191000580016,191532630695,0.21875,1
191000680019,191532820698,0.2,1
191000690019,191532790698,0.3333333333333333,1
191000700019,191532790698,0.2631578947368421,0
191000750021,191532880700,0.15151515151515152,1
191000960025,191533050703,0.21739130434782608,1
191000980025,191533070703,0.3888888888888889,1
191001140029,191533270707,0.2777777777777778,1
191001280031,191533360708,0.3125,1
191001350032,191500010001,0.3,1
191001410033,191501110025,0.25,1
191001500035,191500050002,0.21428571428571427,1
191001660039,191500110004,0.1724137931034483,1
191001680040,191500390010,0.23333333333333334,1
191001710040,191500410010,0.125,1
191001720040,191500420010,0.125,1
191001780042,191500490012,0.21739130434782608,1
191001800042,191500510012,0.23333333333333334,1
191001840043,191500550013,0.2727272727272727,1
191002020048,191534880743,0.21739130434782608,1
191002040048,191505890117,0.11538461538461539,1
191002060048,191534890743,0.21428571428571427,1
191002190051,191507990160,0.23076923076923078,1
191002200051,191508000160,0.23076923076923078,1
191002220052,191508060161,0.25,1
191002290054,191508130164,0.30434782608695654,1
191002300054,191507890158,0.13043478260869565,1
191002350055,191523500495,0.3333333333333333,1
191002370055,191523520495,0.2222222222222222,1
191002400056,191508240166,0.3,1
191002400056,191508250166,0.23809523809523808,0
191002410056,191508250166,0.3,1
191002410056,191508240166,0.23809523809523808,0
191002420056,191508260166,0.1875,1
191002500058,191508390169,0.20833333333333334,1
191002510059,191508410170,0.25,1
191002610060,191508510172,0.20588235294117646,1
191002750063,191508620174,0.20833333333333334,1
191002820064,191530230642,0.13636363636363635,1
191002830064,191530250642,0.16666666666666666,1
191002840064,191530260642,0.16666666666666666,1
191002870066,191511070229,0.17391304347826086,1
191002950068,191508850179,0.18518518518518517,1
191003160074,191535660763,0.16666666666666666,1
191003350078,191509370192,0.16666666666666666,1
191003440080,191518570382,0.35714285714285715,1
191003450080,191518580382,0.4,1
191003690086,191509710198,0.1935483870967742,1
191003700086,191509720198,0.13043478260869565,1
191003850089,191528980617,0.26666666666666666,1
191003900090,191503030064,0.2631578947368421,0
191003950091,191514220305,0.26666666666666666,0
191003970092,191505000095,0.23809523809523808,1
191003980092,191505010095,0.3333333333333333,1
191003990092,191505010095,0.2631578947368421,0
191004000093,191510040206,0.2222222222222222,1
191004040094,191510070207,0.38461538461538464,1
191004160096,191510160209,0.3157894736842105,1
191004170096,191510160209,0.2631578947368421,0
191004200097,191510190210,0.12,1
191004360100,191510440215,0.3125,1
191004460103,191527290582,0.3684210526315789,1
191004470103,191527290582,0.25,0
191004490104,191510610220,0.2631578947368421,1
191004580107,191511920251,0.14285714285714285,1
191004820112,191511100230,0.18181818181818182,1
191004830112,191511110230,0.35714285714285715,1
191004840112,191511150230,0.4666666666666667,1
191004850112,191511120230,0.2608695652173913,1
191004860112,191511130230,0.2608695652173913,1
191005310125,191511470240,0.25,1
191005350128,191511500241,0.21739130434782608,1
191005420130,191511590243,0.30434782608695654,1
191005460130,191511600243,0.3888888888888889,1
191005510132,191511670245,0.3333333333333333,1
191005690136,191530110640,0.17857142857142858,1
191005710136,191530130640,0.15789473684210525,1
191005720136,191530140640,0.15789473684210525,1
191005820138,191530340644,0.17857142857142858,1
191005840138,191530360644,0.2727272727272727,1
191005920140,191512000253,0.13636363636363635,1
191005950141,191512050254,0.29411764705882354,1
191006100146,191512220259,0.3,1
191006140148,191512280261,0.2857142857142857,1
191006250152,191512390265,0.21739130434782608,1
191006260152,191512400265,0.3333333333333333,1
191006310153,191512450266,0.21739130434782608,1
191006320153,191512460266,0.21052631578947367,1
191006510157,191512690271,0.21739130434782608,1
191006530157,191512710271,0.28,1
191006590158,191512770272,0.2857142857142857,1
191006600158,191512780272,0.16666666666666666,1
191006610158,191512790272,0.3333333333333333,1
191006640160,191512920275,0.21739130434782608,1
191006850165,191513140280,0.2608695652173913,1
191006860165,191513150280,0.2608695652173913,1
191007020169,191532650695,0.11764705882352941,1
191007170173,191513510289,0.23809523809523808,1
191007230174,191513570290,0.3333333333333333,1
191007430179,191514500311,0.19047619047619047,0
191007510180,191513800295,0.35714285714285715,1
191007690185,191514130303,0.35,1
191007690185,191514150303,0.18181818181818182,0
191007690185,191501000023,0.17391304347826086,0
191007710185,191514150303,0.3684210526315789,1
191007710185,191514130303,0.17391304347826086,0
191007810188,191514210305,0.32142857142857145,1
191007810188,191514270305,0.2,0
191007810188,191514260305,0.2,0
191007850188,191514250305,0.3157894736842105,1
191007860188,191514260305,0.3157894736842105,1
191007860188,191514270305,0.25,0
191007870188,191514270305,0.3157894736842105,1
191007870188,191514260305,0.25,0
191007910189,191514320306,0.2,1
191007930190,191514340307,0.3,0
191007950190,191514360308,0.15789473684210525,1
191007970191,191514380309,0.2777777777777778,1
191007990191,191514400309,0.2727272727272727,1
191008010191,191514420309,0.15789473684210525,1
191008080193,191514530312,0.17391304347826086,1
191008150194,191534580735,0.17647058823529413,0
191008160195,191502330051,0.22727272727272727,1
191008160195,191522630476,0.19047619047619047,0
191008180195,191502350051,0.1875,1
191008190195,191502360051,0.25,0
191008200195,191522630476,0.21052631578947367,1
191008240196,191514630314,0.2,1
191008260197,191514660315,0.29411764705882354,1
191008310198,191514710316,0.21739130434782608,1
191008330198,191514720316,0.3125,1
191008340198,191514730316,0.14285714285714285,1
191008350198,191514740316,0.26666666666666666,1
191008480201,191514910319,0.2608695652173913,1
191008500202,191515000321,0.14814814814814814,1
191008580204,191520370422,0.2777777777777778,1
191008620204,191520400422,0.1111111111111111,1
191008640205,191528090600,0.3333333333333333,1
191008750207,191515180325,0.17857142857142858,1
191008760207,191515190325,0.3333333333333333,1
191008860208,191515310327,0.25,1
191008860208,191515320327,0.17647058823529413,0
191008870208,191515320327,0.25,1
191008870208,191515310327,0.17647058823529413,0
191008930209,191514960320,0.3,1
191008940209,191514970320,0.3,1
191008950210,191515440329,0.16,1
191008990210,191515470329,0.21052631578947367,1
191008990210,191515480329,0.15,0
191009000210,191515480329,0.21052631578947367,1
191009000210,191515470329,0.15,0
191009010210,191515480329,0.15,0
191009010210,191515470329,0.15,0
191009040211,191515510330,0.16666666666666666,1
191009170213,191515660332,0.15384615384615385,1
191009200214,191515690333,0.3,1
191009210214,191515700333,0.3,1
191009210214,191515690333,0.23809523809523808,0
191009300215,191539300850,0.2,1
191009300215,191539320850,0.14285714285714285,0
191009380217,191515840336,0.19230769230769232,0
191009390217,191515840336,0.24,1
191009400217,191515850336,0.13636363636363635,1
191009420218,191515870337,0.2777777777777778,1
191009490219,191515950338,0.25,1
191009730224,191516150343,0.1875,1
191009740224,191516160343,0.1875,1
191009790226,191516190344,0.3125,1
191009870229,191516270346,0.26666666666666666,1
191009970232,191524790525,0.3333333333333333,1
191009980232,191524800525,0.25,1
191009990232,191524810525,0.23076923076923078,1
191010010233,191516910350,0.2857142857142857,1
191010210236,191517130353,0.26666666666666666,1
191010320238,191517270355,0.3333333333333333,1
191010400240,191517470359,0.26666666666666666,1
191010500242,191509310190,0.375,1
191010560243,191517580362,0.2608695652173913,1
191010570243,191517600362,0.13043478260869565,1
191010620245,191517680364,0.13513513513513514,1
191010770248,191517820367,0.2857142857142857,1
191010790249,191512840273,0.17647058823529413,1
191010810249,191517950369,0.15,0
191010810249,191517920369,0.13043478260869565,1
191010820249,191517930369,0.13043478260869565,0
191010820249,191517920369,0.13043478260869565,1
191010860250,191517880368,0.19047619047619047,1
191010870250,191517890368,0.19047619047619047,1
191010910251,191517960370,0.11538461538461539,1
191011010253,191518080372,0.2857142857142857,1
191011150256,191518220375,0.2857142857142857,1
191011150256,191518210375,0.22727272727272727,0
191011170256,191518240375,0.16666666666666666,1
191011170256,191518250375,0.12,0
191011180256,191518250375,0.16666666666666666,1
191011180256,191518240375,0.12,0
191011370261,191518410379,0.2727272727272727,1
191011380261,191518420379,0.2727272727272727,1
191011400262,191539530856,0.1875,0
191011470263,191534010723,0.3076923076923077,1
191011470263,191534080723,0.20833333333333334,0
191011470263,191534070723,0.20833333333333334,0
191011490263,191534030723,0.3,1
191011500263,191534040723,0.3,1
191011510263,191534050723,0.3,1
191011530263,191534070723,0.5,1
191011530263,191534080723,0.3333333333333333,0
191011540263,191534080723,0.4375,1
191011540263,191534070723,0.35294117647058826,0
191011540263,191534010723,0.21739130434782608,0
191011560264,191509290189,0.125,1
191011580265,191526570567,0.14285714285714285,1
191011620266,191518620383,0.17391304347826086,1
191011730269,191518870388,0.25,1
191011820272,191518930390,0.2,1
191011970277,191519020394,0.19230769230769232,1
191012090280,191519130396,0.22727272727272727,1
191012100280,191519140396,0.2608695652173913,1
191012110280,191519170396,0.21739130434782608,1
191012120280,191519180396,0.21739130434782608,1
191012170281,191519220397,0.20689655172413793,1
191012220282,191519260398,0.3157894736842105,1
191012350285,191519400401,0.22727272727272727,1
191012590290,191519620406,0.3125,1
191012860296,191519840411,0.14285714285714285,1
191012870297,191519870412,0.22727272727272727,1
191012880297,191519880412,0.23529411764705882,0
191013060302,191520120417,0.18518518518518517,1
191013110304,191520230419,0.17391304347826086,0
191013200306,191520320421,0.2,1
191013210306,191520330421,0.2631578947368421,1
191013230306,191520340421,0.2,1
191013240306,191520350421,0.3333333333333333,1
191013360308,191520430424,0.15789473684210525,1
191013540313,191520700430,0.29411764705882354,1
191013580314,191532480691,0.16666666666666666,1
191013810318,191521040436,0.35714285714285715,1
191013890320,191521110438,0.21052631578947367,1
191013900320,191521120438,0.2777777777777778,1
191013930320,191521140438,0.2,1
191014270329,191521380446,0.2,1
191014270329,191511500241,0.15384615384615385,0
191014330330,191521430447,0.3125,1
191014470333,191534620737,0.21052631578947367,1
191014600335,191521630452,0.23809523809523808,1
191014790342,191521770457,0.17857142857142858,1
191014800342,191521780457,0.35714285714285715,1
191014840343,191521830458,0.375,1
191014840343,191521840458,0.29411764705882354,0
191014860344,191521860459,0.3125,1
191014940345,191521950460,0.26666666666666666,1
191015030347,191522040462,0.2631578947368421,1
191015030347,191534100724,0.2,0
191015100349,191522140465,0.29411764705882354,1
191015130351,191522090464,0.25,1
191015140351,191522100464,0.21428571428571427,1
191015150351,191522110464,0.2,1
191015160351,191522120464,0.14285714285714285,1
191015250352,191522280467,0.1875,1
191015280353,191522300468,0.2,1
191015360356,191522320471,0.20833333333333334,1
191015390357,191522460472,0.38461538461538464,1
191015640363,191522730478,0.21428571428571427,1
191015720365,191522800481,0.2777777777777778,1
191015860368,191534130725,0.3333333333333333,1
191015860368,191509090183,0.17647058823529413,0
191015900370,191523050487,0.24242424242424243,1
191015900370,191532620695,0.15789473684210525,0
191015910370,191523060487,0.29411764705882354,1
191015920370,191523070487,0.24242424242424243,1
191016130373,191523250490,0.23809523809523808,1
191016180374,191523300491,0.3,1
191016220375,191523350492,0.3333333333333333,1
191016300376,191523400493,0.19047619047619047,1
191016310376,191523410493,0.17391304347826086,1
191016630383,191536220774,0.3333333333333333,1
191016630383,191537790817,0.2631578947368421,0
191016650384,191523650499,0.23529411764705882,1
191016720386,191504720087,0.2608695652173913,1
191016760387,191515150324,0.16666666666666666,1
191016770387,191515160324,0.2857142857142857,1
191016910390,191539900866,0.29411764705882354,0
191016980391,191523900505,0.2857142857142857,1
191017040392,191515230326,0.2,0
191017070393,191523970506,0.17857142857142858,1
191017140394,191524020507,0.4,1
191017150394,191524040507,0.1875,1
191017160394,191524030507,0.4117647058823529,1
191017310399,191522360469,0.26666666666666666,1
191017430401,191524250512,0.15789473684210525,1
191017430401,191524260512,0.13636363636363635,0
191017440401,191524260512,0.3333333333333333,1
191017470402,191512350263,0.12903225806451613,1
191017540404,191524340515,0.3,1
191017570405,191524400517,0.375,1
191017620406,191524370516,0.24,1
191017700408,191524500519,0.23809523809523808,1
191017900414,191525850549,0.15384615384615385,1
191017940415,191524760524,0.15,1
191017950415,191524770524,0.2222222222222222,1
191017950415,191524780524,0.15789473684210525,0
191017970416,191517410358,0.15384615384615385,1
191018020416,191524830526,0.2,1
191018070418,191524880527,0.1724137931034483,1
191018110419,191524920528,0.19047619047619047,1
191018250422,191502270050,0.23809523809523808,1
191018260422,191502280050,0.15151515151515152,1
191018270422,191502290050,0.28,1
191018270422,191502310050,0.23076923076923078,0
191018280422,191502300050,0.13043478260869565,1
191018290422,191502310050,0.23076923076923078,1
191018300422,191502320050,0.12,1
191018400425,191502480054,0.13636363636363635,1
191018420426,191502500055,0.19230769230769232,1
191018550427,191535230752,0.15789473684210525,0
191018560428,191502670057,0.17391304347826086,1
191018730430,191525430539,0.15,1
191018890434,191503090065,0.3333333333333333,1
191018900434,191503100065,0.35,1
191018920435,191503540076,0.19047619047619047,0
191018920435,191503030064,0.19047619047619047,0
191018980437,191503120066,0.2857142857142857,1
191019180444,191503390073,0.25,1
191019260446,191503440074,0.29411764705882354,1
191019320447,191514590313,0.13043478260869565,1
191019520452,191501000023,0.2857142857142857,1
191019560453,191514770317,0.375,1
191019560453,191503440074,0.29411764705882354,0
191019750458,191501290029,0.2727272727272727,1
191019760458,191501280029,0.21739130434782608,0
191019760458,191501270029,0.21739130434782608,1
191019770458,191501280029,0.2727272727272727,1
191019860460,191501370031,0.23529411764705882,1
191019860460,191501380031,0.2,0
191019870460,191501380031,0.42105263157894735,1
191019880461,191501390032,0.1935483870967742,1
191019890461,191501400032,0.21875,1
191019940462,191501470033,0.32,1
191019950462,191501480033,0.22727272727272727,1
191019970463,191501500034,0.5,1
191020000464,191501530034,0.2,0
191020010464,191501530034,0.2,0
191020080467,191501590036,0.3333333333333333,1
191020080467,191501660037,0.21739130434782608,0
191020130468,191501650037,0.1935483870967742,1
191020140468,191501660037,0.3333333333333333,1
191020380472,191528680612,0.2222222222222222,0
191020510475,191502050043,0.11904761904761904,1
191020570476,191502150046,0.5,1
191020590477,191502170047,0.3125,1
191020600477,191502180047,0.5384615384615384,1
191020710479,191541920906,0.35294117647058826,0
191020740480,191504460081,0.16666666666666666,1
191020810481,191502140045,0.1111111111111111,1
191020850482,191504570083,0.19230769230769232,1
191020990485,191505330102,0.17647058823529413,0
191020990485,191505320102,0.17647058823529413,1
191021000485,191505330102,0.25,1
191021000485,191505320102,0.17647058823529413,0
191021040487,191542330915,0.17647058823529413,0
191021040487,191542320915,0.15789473684210525,0
191021060489,191504800090,0.23809523809523808,1
191021080489,191504820090,0.2857142857142857,1
191021140491,191504900092,0.21052631578947367,1
191021210493,191504970094,0.17857142857142858,1
191021220493,191537400808,0.18181818181818182,1
191021310495,191504860091,0.3684210526315789,1
191021310495,191504870091,0.3,0
191021320495,191504870091,0.3684210526315789,1
191021320495,191504860091,0.3,0
191021570500,191505170100,0.26666666666666666,1
191021720503,191505340103,0.14285714285714285,1
191021740503,191505360103,0.25,1
191021750504,191505390104,0.20833333333333334,1
191021750504,191505380104,0.18181818181818182,0
191021770504,191505380104,0.3157894736842105,1
191021780505,191505420105,0.42857142857142855,1
191021810506,191505450106,0.19230769230769232,1
191021820506,191505460106,0.28,1
191021920509,191505550109,0.20689655172413793,1
191022030512,191537030800,0.13043478260869565,1
191022030512,191530420646,0.13043478260869565,0
191022030512,191530400646,0.13043478260869565,0
191022130514,191505790115,0.3333333333333333,0
191022190517,191505910118,0.2608695652173913,1
191022390521,191506110122,0.5,1
191022410521,191506130122,0.16666666666666666,1
191022530524,191506260126,0.38461538461538464,1
191022540524,191506270126,0.3125,1
191022630526,191506350128,0.4666666666666667,1
191022750528,191506460130,0.4,1
191022750528,191506470130,0.3125,0
191022750528,191506450130,0.29411764705882354,0
191022760528,191506470130,0.4,1
191022760528,191506460130,0.3125,0
191022760528,191506450130,0.29411764705882354,0
191022770528,191506450130,0.4666666666666667,1
191022770528,191506470130,0.23529411764705882,0
191022770528,191506460130,0.23529411764705882,0
191022850531,191543170934,0.26666666666666666,1
191022930532,191506650133,0.28,0
191022930532,191506610133,0.28,1
191022940532,191506650133,0.28,0
191022950532,191506650133,0.28,0
191022980533,191506680134,0.3333333333333333,1
191022980533,191506690134,0.28,0
191022990534,191506730135,0.2608695652173913,1
191022990534,191512160258,0.20833333333333334,0
191022990534,191506720135,0.20833333333333334,0
191022990534,191506710135,0.20833333333333334,0
191023020534,191506710135,0.23809523809523808,1
191023020534,191506730135,0.18181818181818182,0
191023020534,191506720135,0.18181818181818182,0
191023030534,191506720135,0.3,1
191023030534,191506730135,0.18181818181818182,0
191023030534,191506710135,0.18181818181818182,0
191023430540,191507260142,0.42105263157894735,1
191023510543,191507360145,0.5,1
191023540544,191507390146,0.4375,1
191023630546,191507530148,0.25925925925925924,1
191023640546,191507540148,0.16666666666666666,1
191023690548,191507610151,0.35,1
191023690548,191507620151,0.2857142857142857,0
191023700548,191507620151,0.35,1
191023700548,191507610151,0.2857142857142857,0
191023850551,191507750154,0.17391304347826086,1
191023870551,191507770154,0.18181818181818182,1
191023920553,191507840157,0.3333333333333333,1
191023990554,191541970907,0.2631578947368421,0
191024000554,191541970907,0.3333333333333333,0
191024010554,191541970907,0.2777777777777778,1
191024160558,191542010908,0.30434782608695654,1
191024230560,191542090910,0.21739130434782608,1
191024330564,191525820548,0.3333333333333333,1
191024340564,191525830548,0.18181818181818182,1
191024480566,191518190374,0.16666666666666666,1
191024570568,191525980552,0.2962962962962963,1
191024580568,191525990552,0.16,1
191024590568,191526010552,0.2962962962962963,1
191024600568,191526000552,0.2962962962962963,1
191024610568,191526020552,0.25925925925925924,1
191024620569,191526030553,0.2631578947368421,1
191024690571,191526090555,0.4,1
191024700571,191526100555,0.11764705882352941,1
191024940577,191526460564,0.2222222222222222,1
191025220584,191526690570,0.24,1
191025240584,191526710570,0.3888888888888889,1
191025260585,191526730571,0.42857142857142855,1
191025290586,191526770572,0.4375,1
191025300586,191526780572,0.24242424242424243,1
191025340587,191526820573,0.25,1
191025360587,191526830573,0.38461538461538464,1
191025380588,191505630112,0.2777777777777778,1
191025400588,191505650112,0.3333333333333333,1
191025400588,191505660112,0.2727272727272727,0
191025410588,191505660112,0.3333333333333333,1
191025410588,191505650112,0.2727272727272727,0
191025410588,191528890615,0.21739130434782608,0
191025430589,191519130396,0.21739130434782608,0
191025430589,191508080162,0.21739130434782608,0
191025460589,191508100162,0.14285714285714285,1
191025490590,191527050579,0.5384615384615384,1
191025510590,191527070579,0.2962962962962963,1
191025590591,191533660715,0.2413793103448276,1
191025590591,191533670715,0.2,0
191025600591,191533670715,0.2857142857142857,1
191025600591,191533660715,0.2,0
191025610591,191533670715,0.2,0
191025610591,191533660715,0.2,0
191025620591,191533690715,0.25,1
191025640592,191516980351,0.16216216216216217,1
191025940596,191527440587,0.47368421052631576,1
191025940596,191527460587,0.2857142857142857,0
191025940596,191521470448,0.2727272727272727,0
191025950596,191527460587,0.23809523809523808,0
191025960596,191521470448,0.22727272727272727,1
191025970596,191527460587,0.3888888888888889,1
191026000597,191527510588,0.25,1
191026010597,191527520588,0.25,1
191026010597,191527530588,0.19047619047619047,0
191026020597,191527530588,0.25,1
191026020597,191527520588,0.19047619047619047,0
191026040598,191527550589,0.5384615384615384,1
191026080598,191527600589,0.3333333333333333,1
191026240601,191527770593,0.5384615384615384,1
191026360603,191527880595,0.35294117647058826,1
191026470605,191528010598,0.2222222222222222,1
191026470605,191514530312,0.2,0
191026630609,191528160601,0.22727272727272727,1
191026640609,191528170601,0.3181818181818182,1
191026680609,191531010659,0.20588235294117646,1
191026750611,191528250603,0.3333333333333333,1
191026800612,191528300604,0.30434782608695654,1
191026850613,191528370605,0.5,1
191026860613,191528380605,0.38095238095238093,1
191026860613,191528390605,0.2608695652173913,0
191026870613,191528390605,0.38095238095238093,1
191026870613,191528380605,0.2608695652173913,0
191026890613,191528370605,0.17647058823529413,0
191027000615,191528490607,0.25925925925925924,0
191027050616,191528530608,0.35294117647058826,1
191027180619,191528580609,0.3888888888888889,1
191027180619,191528590609,0.3157894736842105,0
191027190619,191528590609,0.3888888888888889,1
191027190619,191528580609,0.3157894736842105,0
191027210620,191528710613,0.4666666666666667,1
191027220620,191528720613,0.29411764705882354,1
191027220620,191528740613,0.2222222222222222,0
191027220620,191528730613,0.2222222222222222,0
191027220620,191528760613,0.2222222222222222,0
191027230620,191528730613,0.29411764705882354,1
191027230620,191528740613,0.2222222222222222,0
191027230620,191528720613,0.2222222222222222,0
191027230620,191528760613,0.2222222222222222,0
191027240620,191528760613,0.2222222222222222,0
191027240620,191528740613,0.2222222222222222,1
191027240620,191528730613,0.2222222222222222,0
191027240620,191528720613,0.2222222222222222,0
191027260620,191528760613,0.29411764705882354,1
191027260620,191528740613,0.2222222222222222,0
191027260620,191528730613,0.2222222222222222,0
191027260620,191528720613,0.2222222222222222,0
191027270620,191528770613,0.24,1
191027270620,191528780613,0.19230769230769232,0
191027280621,191528790614,0.25,1
191027300621,191528810614,0.2692307692307692,1
191027310621,191528800614,0.22727272727272727,1
191027310621,191528830614,0.17391304347826086,0
191027320621,191528830614,0.22727272727272727,1
191027320621,191528800614,0.17391304347826086,0
191027330621,191528840614,0.3333333333333333,1
191027390623,191526920576,0.5,1
191027400623,191526930576,0.2857142857142857,1
191027410623,191526940576,0.2857142857142857,1
191027420623,191526950576,0.23529411764705882,1
191027440625,191534980746,0.2777777777777778,1
191027450625,191534990746,0.2727272727272727,1
191027450625,191529440627,0.21739130434782608,0
191027530628,191521670453,0.3157894736842105,1
191027530628,191521680453,0.25,0
191027540628,191521680453,0.3157894736842105,1
191027540628,191521670453,0.25,0
191027580629,191528910615,0.3157894736842105,1
191027810638,191510520218,0.3181818181818182,1
191027820638,191510530218,0.3181818181818182,1
191027840639,191529100620,0.3333333333333333,1
191027900641,191529150621,0.19230769230769232,1
191028000643,191529270623,0.19047619047619047,1
191028050644,191529300624,0.28,1
191028090645,191529350625,0.3888888888888889,1
191028100645,191529350625,0.3157894736842105,0
191028210648,191529520629,0.2727272727272727,1
191028210648,191529560629,0.21052631578947367,0
191028280650,191529660631,0.29411764705882354,0
191028360651,191529730632,0.3684210526315789,1
191028370652,191529760633,0.2727272727272727,1
191028380652,191529260623,0.375,1
191028390652,191529770633,0.22727272727272727,1
191028410652,191529790633,0.2692307692307692,1
191028420652,191529800633,0.2692307692307692,1
191028440653,191529760633,0.16666666666666666,0
191028440653,191531120662,0.15384615384615385,1
191028450653,191531130662,0.2631578947368421,1
191028480653,191531160662,0.14285714285714285,1
191028490653,191531170662,0.14285714285714285,1
191028500653,191531180662,0.25,1
191028510654,191530400646,0.16666666666666666,0
191028510654,191542100911,0.16,1
191028530654,191542130911,0.25,0
191028530654,191542120911,0.25,1
191028550655,191533650715,0.2,0
191028550655,191534790741,0.17857142857142858,1
191028570656,191529850635,0.23529411764705882,1
191028730658,191528490607,0.21428571428571427,0
191028970664,191530300643,0.2692307692307692,1
191029030665,191530090639,0.23529411764705882,1
191029050666,191530380645,0.4375,1
191029050666,191530390645,0.2777777777777778,0
191029060666,191530390645,0.4375,1
191029060666,191530380645,0.2777777777777778,0
191029160669,191530440647,0.3181818181818182,1
191029170669,191530450647,0.12903225806451613,1
191029190669,191530460647,0.12903225806451613,1
191029270671,191530530649,0.2222222222222222,1
191029360673,191530700652,0.22727272727272727,1
191029460675,191530740653,0.3125,1
191029470675,191530750653,0.375,1
191029520676,191530790654,0.2857142857142857,0
191029560677,191514500311,0.15789473684210525,0
191029630680,191530940658,0.23076923076923078,1
191029640680,191530950658,0.5384615384615384,1
191029660681,191530990659,0.3181818181818182,1
191029680681,191531000659,0.24242424242424243,1
191029680681,191531010659,0.20588235294117646,0
191029690682,191506280127,0.17391304347826086,0
191029820684,191525110531,0.375,1
191029850685,191525150532,0.2631578947368421,1
191029960688,191525250535,0.3,1
191029970688,191525260535,0.3,1
191029980688,191525270535,0.3,1
191030110692,191508970181,0.35294117647058826,1
191030300696,191534090724,0.2777777777777778,1
191030310696,191534100724,0.3157894736842105,1
191030310696,191522040462,0.25,0
191030450698,191531190663,0.2631578947368421,1
191030460698,191531200663,0.3157894736842105,1
191030470698,191531210663,0.2608695652173913,1
191030480698,191531210663,0.20833333333333334,0
191030490698,191531210663,0.20833333333333334,0
191030730706,191532090681,0.17391304347826086,1
191030740706,191532100681,0.2692307692307692,1
191030750706,191532090681,0.125,0
191030800708,191534660738,0.21052631578947367,1
191030820708,191534670738,0.2857142857142857,1
191030820708,191534680738,0.2,0
191030830708,191534680738,0.2,1
191030830708,191534670738,0.2,0
191030920711,191509980204,0.2608695652173913,1
191030930711,191509990204,0.3076923076923077,1
191030960712,191531590671,0.1875,1
191031140718,191535570760,0.2777777777777778,1
191031210720,191503030064,0.3157894736842105,1
191031210720,191503540076,0.25,0
191031250721,191519620406,0.29411764705882354,0
191031290722,191535710764,0.20833333333333334,1
191031380723,191535790765,0.23809523809523808,1
191031420724,191535880767,0.22727272727272727,1
191031430724,191535890767,0.24,1
191031490726,191536030770,0.16666666666666666,1
191031510727,191535950769,0.14705882352941177,1
191031560727,191536000769,0.14814814814814814,1
191031600729,191507110140,0.13636363636363635,1
191031740732,191536250775,0.375,1
191031770732,191536260775,0.3333333333333333,1
191031880734,191536370778,0.5714285714285714,1
191031910735,191536400779,0.6,1
191031950736,191536410780,0.15384615384615385,1
191031960737,191536420781,0.16216216216216217,1
191031970737,191536430781,0.23076923076923078,1
191032090739,191536550783,0.2,1
191032120739,191536570783,0.19230769230769232,1
191032210741,191536650786,0.25,1
191032240742,191537290806,0.2857142857142857,1
191032500749,191537290806,0.21739130434782608,0
191032500749,191537330806,0.18181818181818182,0
191032520749,191537330806,0.3684210526315789,1
191032540750,191537350807,0.15151515151515152,1
191032540750,191507350144,0.15151515151515152,0
191032670752,191537430809,0.2777777777777778,1
191032680752,191537460809,0.25,0
191032680752,191537450809,0.21052631578947367,0
191032680752,191537440809,0.21052631578947367,1
191032690752,191537450809,0.2777777777777778,1
191032690752,191537460809,0.25,0
191032730754,191537510811,0.21739130434782608,1
191032760755,191539660859,0.22727272727272727,1
191032760755,191511890250,0.18181818181818182,0
191032760755,191511880250,0.18181818181818182,0
191032760755,191509590196,0.16666666666666666,0
191032790756,191537640813,0.17391304347826086,1
191032800756,191515740334,0.17391304347826086,1
191032940759,191537710815,0.42857142857142855,1
191033000760,191523640498,0.16666666666666666,1
191033010760,191537760816,0.38461538461538464,1
191033010760,191537770816,0.23529411764705882,0
191033020760,191537770816,0.5,1
191033050761,191537790817,0.25,1
191033120763,191537880819,0.2,1
191033230765,191537980821,0.2857142857142857,1
191033260765,191538000821,0.2,1
191033280766,191538020822,0.4666666666666667,1
191033300766,191538030822,0.25,1
191033320766,191538050822,0.3684210526315789,1
191033330767,191538060823,0.22727272727272727,1
191033340767,191538070823,0.3157894736842105,1
191033410769,191538150825,0.23809523809523808,1
191033420769,191538160825,0.5384615384615384,1
191033430769,191538170825,0.3125,1
191033430769,191538180825,0.23529411764705882,0
191033430769,191538190825,0.2,0
191033440769,191538180825,0.3125,1
191033440769,191538170825,0.23529411764705882,0
191033440769,191538190825,0.2,0
191033450769,191538190825,0.35,1
191033480770,191538220826,0.25,1
191033610774,191538370830,0.1724137931034483,1
191033700776,191538430832,0.25925925925925924,1
191034200785,191539230849,0.15384615384615385,1
191034280786,191534960745,0.18181818181818182,1
191034280786,191534970745,0.11538461538461539,0
191034390789,191533610714,0.375,1
191034440790,191539460854,0.20833333333333334,1
191034590794,191539560857,0.35,1
191034630795,191540420875,0.12121212121212122,1
191034700796,191539690860,0.19047619047619047,1
191034770798,191539780862,0.2,1
191034770798,191523970506,0.18518518518518517,0
191034810798,191501060024,0.19230769230769232,1
191035070803,191540000867,0.15384615384615385,1
191035130805,191526110556,0.15384615384615385,1
191035270807,191540220871,0.375,1
191035290808,191540240872,0.3333333333333333,1
191035380811,191539430853,0.25,1
191035380811,191539440853,0.17647058823529413,0
191035390811,191539440853,0.17647058823529413,1
191035390811,191539430853,0.17647058823529413,0
191035460813,191540390875,0.15384615384615385,1
191035500813,191540450875,0.13636363636363635,1
191035630815,191540570878,0.2857142857142857,1
191035630815,191540580878,0.2,0
191035820819,191540720882,0.14814814814814814,1
191035830819,191540730882,0.2777777777777778,1
191035850819,191540750882,0.25,1
191035860819,191540740882,0.3,1
191035870820,191540770883,0.23333333333333334,1
191035940821,191526600568,0.2631578947368421,1
191035990823,191540820885,0.2222222222222222,1
191036000823,191540830885,0.23076923076923078,1
191036030824,191540860886,0.2222222222222222,1
191036070825,191540900887,0.2413793103448276,1
191036080825,191540910887,0.15384615384615385,1
191036120827,191540950889,0.15625,1
191036360830,191527150580,0.23809523809523808,1
191036370830,191527160580,0.21428571428571427,1
191036380830,191527170580,0.35294117647058826,1
191036390831,191541240893,0.22727272727272727,1
191036420831,191541270893,0.2857142857142857,1
191036420831,191541260893,0.22727272727272727,0
191036430831,191541260893,0.35,1
191036430831,191541270893,0.2857142857142857,0
191036510833,191508360168,0.16666666666666666,1
191036520833,191508370168,0.16666666666666666,1
191036620835,191527320583,0.17647058823529413,1
191036860840,191542160912,0.3157894736842105,0
191037030842,191503490075,0.17391304347826086,1
191037250846,191533830718,0.2777777777777778,1
191037260846,191533840718,0.21428571428571427,1
191037270846,191533850718,0.35294117647058826,1
191037320848,191536720788,0.2,1
191037360849,191516760347,0.21739130434782608,1
191037370849,191516770347,0.2,1
191037430850,191536790791,0.21739130434782608,1
191037530852,191509330191,0.23809523809523808,1
191037540853,191536970797,0.35714285714285715,1
191037550853,191536980797,0.3,1
191037560854,191513910298,0.16666666666666666,1
191037770859,191510370213,0.24,1
191037770859,191510360213,0.24,0
191037900863,191510550219,0.375,1
192400280006,193004020083,0.2,1
192400490010,193052611192,0.2857142857142857,1
192400560012,193004300089,0.26666666666666666,1
192400570012,193004270089,0.3157894736842105,1
192400630014,193045981028,0.20833333333333334,1
192400680015,193007320158,0.1875,1
192400700015,193031060671,0.12,1
192400750016,193050451138,0.2608695652173913,1
192400890019,193004710096,0.2,1
192400920020,193055621263,0.17647058823529413,1
192400970021,193004770098,0.19047619047619047,1
192401040023,193004830100,0.17142857142857143,1
192401040023,193004860100,0.125,0
192401060023,193004850100,0.23529411764705882,1
192401070023,193004860100,0.23076923076923078,1
192401090024,193004890101,0.19230769230769232,1
192401100024,193019480412,0.17391304347826086,1
192401110024,193004910101,0.24,1
192401200026,193053341212,0.14285714285714285,1
192401240027,193004910101,0.19230769230769232,0
192401280028,193004150087,0.21428571428571427,1
192401290028,193004160087,0.2857142857142857,1
192401350030,193005850124,0.16,1
192401370030,193005870124,0.13636363636363635,1
192401390031,193026590577,0.18181818181818182,1
192401400031,193026600577,0.14285714285714285,1
192401420032,193037580825,0.3157894736842105,1
192401530035,193026620578,0.3333333333333333,1
192401630038,193005410114,0.42857142857142855,1
192401680038,193005450114,0.16666666666666666,1
192401730039,193032980716,0.2,1
192401740039,193005500115,0.2727272727272727,1
192401750039,193005510115,0.19047619047619047,1
192401760040,193005520116,0.17857142857142858,1
192401800041,193007350159,0.15384615384615385,1
192401800041,193005560117,0.15384615384615385,0
192401810041,193005570117,0.4,1
192401820041,193005580117,0.23076923076923078,1
192401850041,193005600117,0.19230769230769232,0
192401860042,193002210043,0.23809523809523808,1
192401910044,193033600732,0.18518518518518517,1
192401920044,193033610732,0.375,1
192402030046,193005840123,0.2727272727272727,1
192402210051,193000070002,0.21739130434782608,1
192402280052,193000110003,0.2777777777777778,1
192402310053,193063831475,0.14814814814814814,1
192402380054,193011590231,0.20833333333333334,1
192402400054,193011550231,0.18518518518518517,1
192402470056,193000300007,0.42857142857142855,1
192402510057,193000340008,0.22727272727272727,1
192402520057,193000350008,0.2631578947368421,1
192402560057,193000390008,0.16666666666666666,1
192402570057,193000380008,0.17391304347826086,1
192402750060,193000540011,0.26666666666666666,1
192402750060,193000550011,0.1875,0
192402890064,193003620075,0.20689655172413793,1
192403050067,193005610118,0.19230769230769232,1
192403430072,193001330025,0.3333333333333333,1
192403450074,193001390027,0.21428571428571427,1
192403490075,193004960102,0.20833333333333334,1
192403590077,193001490030,0.18518518518518517,1
192403810081,193001710035,0.42857142857142855,1
192403830081,193001720035,0.23076923076923078,1
192403910083,193022620485,0.2222222222222222,1
192403920083,193022630485,0.3333333333333333,1
192404020085,193002050040,0.25,1
192404100086,193015600324,0.14285714285714285,1
192404330091,193002380045,0.16,1
192404350091,193002320045,0.15384615384615385,1
192404480093,193002390046,0.22727272727272727,1
192404570094,193002520048,0.19047619047619047,1
192404960101,193055051251,0.21739130434782608,1
192404970101,193055061251,0.2,1
192404980101,193055071251,0.20588235294117646,1
192404980101,193055091251,0.17142857142857143,0
192404980101,193055081251,0.17142857142857143,0
192404990101,193055081251,0.20588235294117646,1
192404990101,193055091251,0.17142857142857143,0
192405080103,193002920057,0.16666666666666666,1
192405140105,193002960058,0.35,1
192405140105,193002950058,0.2857142857142857,0
192405160105,193063371467,0.21052631578947367,0
192405180105,193003000059,0.16666666666666666,1
192405200105,193003020059,0.25,1
192405210105,193003030059,0.2916666666666667,1
192405220105,193003040059,0.2916666666666667,1
192405370109,193033520729,0.2631578947368421,1
192405390109,193033540729,0.23076923076923078,1
192405410110,193003190063,0.22727272727272727,0
192405680115,193003400068,0.2,1
192405680115,193003420068,0.14285714285714285,0
192405680115,193003410068,0.14285714285714285,0
192405690115,193003420068,0.14285714285714285,1
192405690115,193003410068,0.14285714285714285,0
192405690115,193003400068,0.14285714285714285,0
192405700115,193003410068,0.15,1
192405840118,193003530072,0.15625,1
192405970120,193004400091,0.21428571428571427,1
192405980120,193004410091,0.22580645161290322,1
192405990120,193004420091,0.1724137931034483,1
192406000120,193004430091,0.1724137931034483,1
192406010120,193004440091,0.1724137931034483,1
192406030120,193004470091,0.21428571428571427,1
192406290126,193006150130,0.35714285714285715,1
192406290126,193006350135,0.23529411764705882,0
192406300126,193006350135,0.3125,1
192406300126,193006150130,0.26666666666666666,0
192406490131,193006280133,0.30434782608695654,1
192406500131,193006300133,0.5714285714285714,1
192406560133,193006420137,0.19230769230769232,1
192406580133,193006440137,0.47058823529411764,1
192406580133,193006460137,0.3157894736842105,0
192406580133,193006450137,0.3157894736842105,0
192406590133,193006450137,0.2222222222222222,1
192406710136,193006510139,0.3181818181818182,1
192406740137,193006540140,0.4117647058823529,1
192406760138,193006560141,0.2,1
192406900141,193007010152,0.15384615384615385,1
192406910141,193007020152,0.17647058823529413,1
192406920141,193007040152,0.2857142857142857,0
192406930141,193007030152,0.16666666666666666,0
192406940141,193007030152,0.16666666666666666,1
192406950141,193007040152,0.2857142857142857,1
192406960142,193044890997,0.15,0
192406980143,193006850147,0.19047619047619047,1
192407010143,193006860147,0.35714285714285715,1
192407020144,193006890149,0.20833333333333334,1
192407180147,193035450780,0.26666666666666666,1
192407220148,193005700120,0.18181818181818182,1
192407240148,193060681395,0.2608695652173913,1
192407310150,193005990127,0.24,1
192407430153,193034630759,0.3125,1
192407440153,193034630759,0.16666666666666666,0
192407450154,193039320853,0.2,1
192407530155,193034310753,0.17391304347826086,1
192407850161,193035150772,0.2631578947368421,1
192407950163,193034990769,0.17391304347826086,1
192407950163,193010500210,0.15789473684210525,0
192407960163,193035000769,0.24,1
192407970163,193035010769,0.30434782608695654,1
192408140167,193018020382,0.42857142857142855,1
192408150168,193035480781,0.2777777777777778,1
192408160168,193035490781,0.25,1
192408270172,193034890766,0.3333333333333333,1
192408290172,193034900767,0.2,1
192408300172,193034910767,0.4,1
192408310172,193034920767,0.17647058823529413,1
192408320173,193040320876,0.16,0
192408440175,193007260157,0.2916666666666667,1
192408460175,193007270157,0.19047619047619047,1
192408470175,193007280157,0.2916666666666667,1
192408580177,193011980240,0.2,1
192408590177,193011990240,0.35,1
192408590177,193012000240,0.2857142857142857,0
192408590177,193011980240,0.2857142857142857,0
192408720180,193062451443,0.26666666666666666,1
192408790181,193036000792,0.13333333333333333,1
192408800182,193036010793,0.19230769230769232,1
192408810182,193036020793,0.24,1
192408860183,193036070794,0.2857142857142857,1
192408870183,193036080794,0.25,1
192408890184,193036100795,0.2777777777777778,1
192409140189,193036360801,0.1875,1
192409140189,193036380801,0.15789473684210525,0
192409140189,193036370801,0.15789473684210525,0
192409150189,193036370801,0.3888888888888889,1
192409150189,193036380801,0.3157894736842105,0
192409170190,193047791072,0.25,1
192409230191,193006880148,0.16666666666666666,1
192409280192,193017860378,0.18518518518518517,1
192409340193,193007600164,0.3125,1
192409350193,193007610164,0.19047619047619047,1
192409350193,193007620164,0.13636363636363635,0
192409750195,193008300166,0.38461538461538464,1
192409840197,193000650013,0.19047619047619047,1
192409870197,193000660013,0.2857142857142857,1
192410190204,193060371388,0.375,1
192410200204,193060381388,0.2727272727272727,1
192410210204,193060391388,0.2727272727272727,1
192410220205,193053141206,0.18181818181818182,1
192410300207,193061321415,0.35714285714285715,1
192410330208,193032760710,0.2777777777777778,1
192410370209,193038050836,0.25,1
192410470210,193060331387,0.3333333333333333,1
192410480210,193060341387,0.4117647058823529,1
192410480210,193060351387,0.3333333333333333,0
192410490210,193060351387,0.16666666666666666,1
192410490210,193060341387,0.16666666666666666,0
192410500210,193017090358,0.22727272727272727,1
192410500210,193027680600,0.16,0
192410510211,193038170838,0.3684210526315789,1
192410530211,193038190838,0.25,1
192410540211,193038170838,0.19047619047619047,0
192410630213,193041110897,0.16,1
192410750216,193036490804,0.20689655172413793,1
192410800217,193060491390,0.23076923076923078,0
192410840217,193025140542,0.4666666666666667,1
192410850217,193025130542,0.2222222222222222,1
192410870217,193025160542,0.2222222222222222,1
192410880217,193025170542,0.16666666666666666,1
192410890218,193036560806,0.3,1
192410950219,193040160872,0.23076923076923078,1
192410960220,193037730829,0.15151515151515152,1
192410970220,193037740829,0.3333333333333333,1
192410980220,193037750829,0.21052631578947367,1
192410990220,193037760829,0.21052631578947367,1
192411000220,193037780829,0.2222222222222222,1
192411010220,193037780829,0.15789473684210525,0
192411070222,193044350984,0.18518518518518517,1
192411090222,193044370984,0.17647058823529413,1
192411100222,193044380984,0.17647058823529413,1
192411110222,193044390985,0.2222222222222222,1
192411120222,193044400985,0.12121212121212122,1
192411160223,193036850811,0.3333333333333333,1
192411160223,193036860811,0.25,0
192411170223,193036860811,0.3333333333333333,1
192411170223,193036850811,0.25,0
192411180224,193037280820,0.17857142857142858,1
192411240225,193025570550,0.2,1
192411300226,193036940813,0.5714285714285714,1
192411320226,193036950813,0.38461538461538464,1
192411320226,193036960813,0.2,0
192411360227,193036990814,0.30434782608695654,1
192411370227,193037030814,0.20833333333333334,1
192411380227,193037000814,0.2727272727272727,1
192411380227,193037010814,0.21739130434782608,0
192411390227,193037010814,0.2727272727272727,1
192411390227,193037000814,0.21739130434782608,0
192411430229,193037160817,0.2916666666666667,1
192411440229,193037170817,0.16666666666666666,1
192411450229,193037180817,0.2608695652173913,1
192411460230,193002100041,0.1724137931034483,1
192411550231,193054391237,0.2857142857142857,1
192411610232,193037200818,0.23809523809523808,1
192411620232,193037210818,0.26666666666666666,1
192411620232,193037220818,0.1875,0
192411630232,193037220818,0.26666666666666666,1
192411630232,193037210818,0.1875,0
192411660233,193037260819,0.4666666666666667,1
192411660233,193037270819,0.375,0
192411770236,193038410842,0.3076923076923077,1
192411810237,193055261256,0.2,1
192411820237,193055281256,0.16666666666666666,1
192411830237,193019330409,0.19047619047619047,1
192411830237,193019340409,0.13636363636363635,0
192411930238,193038480843,0.35714285714285715,1
192412430242,193050761148,0.18181818181818182,0
192412540245,193005960126,0.22727272727272727,1
192412560245,193005970126,0.3333333333333333,1
192412570246,193037800830,0.13793103448275862,1
192412680248,193041170900,0.2727272727272727,1
192412710248,193041180900,0.3181818181818182,1
192412720248,193041190900,0.3181818181818182,1
192412990253,193002580049,0.35,1
192413010253,193002560049,0.17647058823529413,1
192413360259,193041820916,0.28,1
192413390260,193036790810,0.2631578947368421,0
192413390260,193010410209,0.2631578947368421,1
192413460260,193010450209,0.2857142857142857,1
192413490261,193041690914,0.5384615384615384,1
192413510261,193041710914,0.23529411764705882,1
192413540262,193031840687,0.18181818181818182,1
192413560262,193031860687,0.3157894736842105,1
192413710264,193014590298,0.15,0
192413720264,193014590298,0.21052631578947367,1
192413840265,193018310388,0.13043478260869565,1
192413910268,193047031054,0.4,1
192413980270,193005280109,0.3,1
192413990271,193042310931,0.25,1
192414070272,193026550576,0.23529411764705882,1
192414090273,193042360933,0.29411764705882354,0
192414090273,193031610682,0.2222222222222222,1
192414100273,193042360933,0.17647058823529413,0
192414140274,193042420934,0.25,1
192414200276,193041040897,0.35294117647058826,1
192414370278,193042660940,0.2857142857142857,1
192414420279,193062341441,0.2,1
192414560281,193027670599,0.22580645161290322,1
192414650283,193027390594,0.17647058823529413,0
192414650283,193027380594,0.16666666666666666,0
192414850287,193011160224,0.16,1
192414860287,193011180224,0.18181818181818182,1
192414900288,193002680052,0.2777777777777778,1
192414920288,193002700052,0.23529411764705882,1
192414920288,193011560231,0.15789473684210525,1
192415000290,193039400855,0.26666666666666666,1
192415010290,193039410855,0.3333333333333333,1
192415040291,193039460857,0.23333333333333334,1
192415050291,193039490857,0.3181818181818182,1
192415060291,193039470857,0.3181818181818182,1
192415100292,193039530858,0.23076923076923078,1
192415110292,193039540858,0.23076923076923078,1
192415130293,193005090104,0.3333333333333333,1
192415260293,193015370318,0.25,1
192415400296,193039740862,0.15384615384615385,0
192415420297,193039760863,0.2916666666666667,1
192415610301,193039980868,0.35,1
192415620301,193039990868,0.23529411764705882,1
192415630301,193040000868,0.35,1
192415630301,193039980868,0.2857142857142857,0
192415680302,193040020869,0.25,1
192415720303,193040070870,0.3157894736842105,1
192415720303,193043680967,0.25,0
192415730303,193040090870,0.20689655172413793,0
192415740303,193040080870,0.16,1
192415810305,193030640661,0.2222222222222222,1
192415830305,193030650661,0.17647058823529413,1
192415880306,193026460573,0.23076923076923078,1
192415930307,193040210873,0.17647058823529413,0
192415950307,193040210873,0.25,1
192415970308,193040320876,0.3,1
192416030309,193040360877,0.2777777777777778,1
192416030309,193040380877,0.23529411764705882,0
192416040309,193040370877,0.26666666666666666,1
192416160312,193031310675,0.16666666666666666,1
192416180313,193040470881,0.16666666666666666,1
192416670323,193024350523,0.16666666666666666,1
192416830327,193010390208,0.1875,1
192416870328,193005240108,0.4,1
192416870328,193008650178,0.23529411764705882,0
192416880328,193005250108,0.2,1
192416910329,193008570176,0.29411764705882354,1
192417050332,193032410703,0.24,1
192417200335,193032270700,0.375,1
192417210335,193013790278,0.15789473684210525,1
192417290337,193061521421,0.2777777777777778,0
192417360339,193021120451,0.15384615384615385,1
192417370339,193021130451,0.25,1
192417420340,193013460269,0.18181818181818182,1
192417530343,193013550271,0.1875,1
192417550343,193032160696,0.19230769230769232,1
192417620344,193009920199,0.2608695652173913,1
192417690345,193013660274,0.25,1
192417840348,193022020470,0.19047619047619047,1
192417840348,193022040470,0.14285714285714285,0
192417870348,193022040470,0.14285714285714285,1
192417890349,193013720276,0.16666666666666666,1
192418060353,193013920281,0.125,0
192418100354,193003190063,0.22727272727272727,0
192418170356,193014030283,0.1724137931034483,1
192418240356,193020860445,0.15789473684210525,1
192418500361,193033770737,0.15625,1
192418680365,193040110871,0.20689655172413793,1
192418730366,193057321305,0.22727272727272727,0
192418750367,193014480294,0.2631578947368421,1
192418800368,193014530296,0.2,1
192418940371,193006040128,0.2727272727272727,1
192419020373,193014710301,0.14285714285714285,1
192419100375,193014830303,0.21739130434782608,0
192419310379,193010500210,0.3125,1
192419320379,193010510210,0.4666666666666667,1
192419390381,193015160311,0.2727272727272727,1
192419430382,193015190312,0.17391304347826086,1
192419500383,193060661395,0.2916666666666667,1
192419530384,193005390113,0.2857142857142857,1
192419600387,193015240313,0.23809523809523808,1
192419800392,193060951401,0.4,1
192419810393,193015620325,0.21052631578947367,0
192420100397,193015910330,0.17391304347826086,1
192420120398,193022960495,0.18181818181818182,1
192420130398,193022970495,0.2857142857142857,1
192420130398,193022980495,0.16666666666666666,0
192420140398,193022980495,0.35294117647058826,1
192420240400,193016100335,0.17647058823529413,1
192420360402,193016230337,0.21052631578947367,1
192420420404,193048101079,0.25925925925925924,1
192420420404,193017580373,0.2,0
192420420404,193017590373,0.16,0
192420420404,193048111079,0.14814814814814814,0
192420430404,193048111079,0.36363636363636365,1
192420430404,193026380571,0.25,0
192420430404,193017590373,0.21739130434782608,0
192420440404,193017590373,0.17391304347826086,0
192420440404,193017580373,0.16666666666666666,0
192420440404,193048111079,0.16,0
192420440404,193041310903,0.16,1
192420450404,193048121079,0.3,1
192420450404,193048131079,0.23809523809523808,0
192420450404,193035930790,0.23809523809523808,0
192420600408,193016450343,0.2631578947368421,1
192420660409,193016540344,0.14285714285714285,1
192420690410,193016610345,0.2692307692307692,1
192420730411,193016620346,0.14814814814814814,1
192420840413,193016720348,0.21052631578947367,1
192421010417,193016900353,0.18518518518518517,1
192421030418,193016840352,0.42857142857142855,1
192421040418,193016850352,0.2916666666666667,1
192421120420,193011010222,0.23809523809523808,0
192421150421,193017040357,0.25,1
192421160421,193017050357,0.34782608695652173,1
192421300425,193024060518,0.25,1
192421380427,193025950558,0.14285714285714285,1
192421390428,193000890018,0.21052631578947367,1
192421450429,193030450656,0.2222222222222222,1
192421460429,193030440656,0.1111111111111111,1
192421520431,193013390268,0.14814814814814814,1
192421520431,193031790685,0.1111111111111111,0
192421580432,193017460369,0.1724137931034483,1
192421620433,193017500370,0.2631578947368421,1
192421630433,193017510370,0.42857142857142855,1
192421770437,193017600374,0.2777777777777778,1
192421810438,193017660376,0.15,1
192421830438,193017690376,0.17647058823529413,1
192421870439,193017780377,0.2222222222222222,0
192421870439,193021510458,0.21052631578947367,1
192421880440,193017830378,0.29411764705882354,1
192421910440,193017840378,0.2,1
192421920440,193017850378,0.2,1
192421930440,193017810378,0.19047619047619047,1
192421930440,193017820378,0.13636363636363635,0
192421950441,193017930380,0.16,1
192422010443,193021510458,0.25,0
192422010443,193017710377,0.25,0
192422070444,193012510252,0.24,1
192422100444,193012540252,0.2,1
192422300449,193012860258,0.2857142857142857,1
192422340450,193012880258,0.2222222222222222,1
192422370451,193018250388,0.10526315789473684,1
192422730456,193018500392,0.22727272727272727,1
192422760457,193012350249,0.30434782608695654,1
192422770457,193012380249,0.25,0
192422770457,193012370249,0.25,0
192422780457,193012380249,0.17391304347826086,1
192422790457,193012370249,0.30434782608695654,1
192422790457,193012380249,0.25,0
192423020462,193039140849,0.25,1
192423040462,193039130849,0.2222222222222222,1
192423220467,193046691047,0.22727272727272727,1
192423230467,193046701047,0.23809523809523808,1
192423240467,193046711047,0.30434782608695654,1
192423250467,193046721047,0.2,1
192423260467,193046731047,0.2,1
192423400470,193019830421,0.16129032258064516,1
192423460470,193046881051,0.16666666666666666,1
192423690474,193047071056,0.2777777777777778,1
192423700474,193047081056,0.3684210526315789,1
192423710474,193047081056,0.3,0
192423720474,193047091056,0.17647058823529413,1
192423810477,193023160501,0.2,1
192423820477,193023170501,0.18181818181818182,1
192423900480,193047281061,0.15384615384615385,1
192423970481,193047321062,0.2,0
192423970481,193047361062,0.16,0
192423970481,193047341062,0.16,1
192423980481,193047321062,0.2,0
192423980481,193047361062,0.16,0
192423980481,193047351062,0.16,1
192423990481,193047361062,0.20833333333333334,1
192423990481,193047321062,0.2,0
192424010482,193061791430,0.3157894736842105,1
192424010482,193021360454,0.25,0
192424050486,193047381063,0.4,1
192424070486,193047431063,0.4,1
192424120487,193047471064,0.38461538461538464,1
192424130487,193047481064,0.3333333333333333,1
192424180489,193047531066,0.2631578947368421,1
192424250491,193047571068,0.22727272727272727,1
192424250491,193047611068,0.21052631578947367,0
192424340492,193056551287,0.22727272727272727,1
192424350492,193056561287,0.23809523809523808,1
192424360492,193056561287,0.18181818181818182,0
192424390493,193060541391,0.2,1
192424530496,193047841073,0.15,1
192424560497,193047871074,0.16666666666666666,1
192424570497,193047881074,0.24,1
192424700500,193040810889,0.3125,1
192424710500,193040820889,0.35294117647058826,1
192424710500,193037470823,0.2777777777777778,0
192424790502,193048541091,0.21052631578947367,1
192425070507,193048801096,0.1724137931034483,0
192425070507,193048791096,0.1724137931034483,0
192425070507,193048781096,0.1724137931034483,1
192425120508,193061731427,0.13043478260869565,1
192425140508,193048841097,0.25,1
192425200509,193049011100,0.17647058823529413,1
192425250510,193045351009,0.3684210526315789,1
192425250510,193045361009,0.3,0
192425330512,193043910973,0.22580645161290322,1
192425350512,193043920973,0.22580645161290322,1
192425360512,193043930973,0.14285714285714285,1
192425440514,193049371109,0.25,1
192425460514,193049371109,0.16666666666666666,0
192425460514,193049361108,0.16666666666666666,1
192425490515,193059111351,0.19230769230769232,0
192425680518,193030390655,0.16666666666666666,0
192425810521,193049681118,0.25,1
192425810521,193059821372,0.2,0
192425830522,193049731120,0.16666666666666666,1
192425890522,193015080308,0.2222222222222222,1
192425900522,193052531191,0.15789473684210525,1
192425900522,193015080308,0.15789473684210525,0
192426220529,193050031128,0.3333333333333333,1
192426220529,193050051128,0.2631578947368421,0
192426220529,193050041128,0.2631578947368421,0
192426230529,193050041128,0.3333333333333333,1
192426230529,193050051128,0.2631578947368421,0
192426230529,193050031128,0.2631578947368421,0
192426700533,193050101129,0.2916666666666667,1
192426750534,193043200953,0.15789473684210525,1
192426780535,193027770602,0.26666666666666666,1
192426790535,193027780602,0.26666666666666666,1
192426790535,193027790602,0.1875,0
192426800535,193027790602,0.2,1
192426820536,193050201132,0.375,1
192427130539,193037640826,0.13043478260869565,1
192427200540,193056451284,0.12903225806451613,0
192427200540,193033420727,0.12903225806451613,0
192427290541,193021450457,0.2631578947368421,1
192427410544,193057621311,0.3157894736842105,0
192427410544,193050651145,0.3157894736842105,0
192427410544,193052741196,0.19047619047619047,0
192427420544,193057621311,0.25,0
192427420544,193050651145,0.25,1
192427430544,193052741196,0.2,1
192427480546,193050761148,0.3888888888888889,1
192427490546,193050771148,0.3684210526315789,1
192427490546,193050761148,0.19047619047619047,0
192427820553,193057441307,0.23809523809523808,1
192427890554,193063641471,0.375,1
192428060558,193050781149,0.29411764705882354,1
192428070558,193050791149,0.35294117647058826,1
192428100559,193051231160,0.2857142857142857,1
192428110559,193051241160,0.16666666666666666,1
192428150560,193034880765,0.28,1
192428240562,193018770398,0.1724137931034483,1
192428290562,193051411165,0.15,1
192428450565,193027360593,0.1111111111111111,0
192428450565,193057291304,0.1111111111111111,1
192428590568,193008870179,0.2222222222222222,1
192428600568,193008810178,0.21052631578947367,1
192428610568,193008870179,0.15789473684210525,0
192428780572,193009220186,0.17647058823529413,1
192428820573,193009260187,0.15151515151515152,1
192428890574,193017010356,0.3888888888888889,1
192428890574,193017020356,0.3157894736842105,0
192428890574,193028210611,0.25,0
192428900574,193017020356,0.3157894736842105,1
192428900574,193017010356,0.25,0
192428920575,193009360190,0.17391304347826086,1
192428930575,193009380190,0.18181818181818182,1
192429070579,193014660300,0.19230769230769232,0
192429120580,193009790197,0.42857142857142855,1
192429130580,193009800197,0.25,1
192429160581,193009820198,0.20689655172413793,1
192429160581,193009870198,0.16666666666666666,0
192429210581,193009860198,0.23529411764705882,1
192429220581,193009870198,0.4666666666666667,1
192429300584,193015440320,0.18181818181818182,1
192429400586,193009990201,0.17647058823529413,1
192429420586,193010010201,0.2777777777777778,0
192429620590,193056721289,0.25,1
192429630590,193056681289,0.2,1
192429820594,193023090500,0.20833333333333334,1
192430110598,193030590659,0.35,1
192430230601,193012430250,0.17647058823529413,1
192430240601,193012440250,0.17647058823529413,1
192430270602,193010830217,0.20833333333333334,1
192430310603,193010860218,0.10344827586206896,1
192430360604,193037980834,0.17647058823529413,1
192430510607,193015810328,0.15384615384615385,1
192430780612,193011520230,0.3,1
192430790612,193011530230,0.2222222222222222,1
192430800612,193011540230,0.25,1
192430960616,193002240043,0.14814814814814814,1
192431000616,193014350290,0.2,1
192431030617,193033020717,0.3333333333333333,1
192431080617,193033070717,0.23529411764705882,1
192431280622,193012020241,0.2631578947368421,1
192431430626,193012200245,0.21052631578947367,1
192431490628,193030480657,0.25,1
192431490628,193034210750,0.2,0
192431560629,193012300248,0.24,1
192431860635,193012650254,0.25,1
192432210643,193013170264,0.125,1
192432520645,193013380267,0.16666666666666666,1
192432740649,193042980947,0.1875,1
192432750650,193036310800,0.17857142857142858,1
192432800651,193043030949,0.375,1
192432860653,193034940768,0.35294117647058826,1
192432860653,193049781121,0.2777777777777778,0
192433130659,193012920260,0.15384615384615385,1
192433200660,193043470960,0.3157894736842105,1
192433210661,193051961177,0.19047619047619047,1
192433220661,193051971177,0.2,1
192433500667,193043650966,0.23809523809523808,1
192433520668,193043680967,0.3157894736842105,1
192433520668,193040070870,0.25,0
192433530668,193043690967,0.16,1
192433570669,193043710968,0.22580645161290322,1
192433600670,193043760969,0.3125,1
192433910675,193037630826,0.1875,1
192434130678,193014650300,0.13793103448275862,1
192434220679,193044200979,0.2916666666666667,1
192434280681,193044270981,0.3333333333333333,1
192434290681,193044280981,0.3333333333333333,1
192434360683,193044310983,0.25806451612903225,1
192434420684,193005660118,0.14285714285714285,0
192434440684,193014640299,0.15,1
192434560687,193044430986,0.25,1
192434650689,193044680992,0.42857142857142855,1
192434690690,193044720993,0.38461538461538464,1
192434750692,193044840996,0.42857142857142855,1
192434810693,193044900998,0.20833333333333334,1
192434870694,193054441238,0.2,0
192434870694,193045111004,0.2,0
192434880694,193014640299,0.23809523809523808,0
192434880694,193014630299,0.23809523809523808,0
192434890694,193014630299,0.3,1
192434890694,193014640299,0.23809523809523808,0
192434910695,193050571141,0.3,1
192434940696,193045171005,0.1935483870967742,1
192434950696,193045161005,0.23809523809523808,1
192434960696,193045181005,0.4,1
192435110699,193045271007,0.2,1
192435110699,193045281007,0.2,0
192435120699,193045281007,0.2857142857142857,1
192435130700,193017420368,0.16,1
192435140700,193017430368,0.2777777777777778,1
192435210702,193045421011,0.4,1
192435220702,193045431011,0.4117647058823529,1
192435240702,193045451011,0.25,1
192435260703,193045471012,0.14583333333333334,1
192435270703,193045481012,0.17777777777777778,1
192435290703,193045501012,0.24,1
192435320704,193040930894,0.26666666666666666,1
192435360706,193042570938,0.16666666666666666,1
192435560710,193049551113,0.17647058823529413,1
192435590711,193049581114,0.18518518518518517,1
192435790715,193045871024,0.25,1
192435850718,193041360904,0.3888888888888889,1
192435850718,193041370904,0.3157894736842105,0
192435860718,193041370904,0.3888888888888889,1
192435860718,193041360904,0.3157894736842105,0
192435880719,193050491140,0.19230769230769232,1
192436120724,193046291035,0.2222222222222222,1
192436130724,193046301035,0.25,1
192436200726,193046371037,0.23809523809523808,1
192436210726,193046391038,0.14285714285714285,1
192436290729,193019410411,0.2631578947368421,1
192436330730,193019360410,0.19230769230769232,1
192436330730,193055491261,0.15384615384615385,0
192436390731,193019460412,0.18181818181818182,1
192436480734,193019590415,0.4117647058823529,1
192436490734,193019600415,0.4117647058823529,1
192436500735,193019620416,0.16666666666666666,1
192436750740,193013610272,0.2857142857142857,1
192436790741,193027950606,0.21428571428571427,1
192436910743,193019130407,0.3333333333333333,1
192436920743,193019120407,0.23809523809523808,1
192437010744,193061971435,0.24,1
192437030744,193062031435,0.20833333333333334,1
192437040744,193061981435,0.18181818181818182,1
192437050744,193061991435,0.18181818181818182,1
192437050744,193062001435,0.13043478260869565,0
192437060744,193062021435,0.16,1
192437170747,193005070103,0.17647058823529413,1
192437320750,193002160042,0.2222222222222222,1
192437340751,193027800603,0.25,1
192437390752,193057401306,0.23529411764705882,0
192437420753,193024680530,0.375,1
192437490754,193027030586,0.25,0
192437490754,193027040586,0.2,0
192437500754,193027030586,0.30434782608695654,1
192437500754,193027040586,0.2,0
192437510754,193027030586,0.20833333333333334,0
192437510754,193027040586,0.20833333333333334,0
192437670757,193052801197,0.23076923076923078,1
192437770759,193052631193,0.2777777777777778,1
192437780759,193052641193,0.21428571428571427,1
192437840761,193022440479,0.21739130434782608,1
192437930764,193022600484,0.2,1
192438230769,193052041180,0.25,1
192438240769,193052061180,0.25,0
192438240769,193052051180,0.25,1
192438260769,193052061180,0.25,1
192438260769,193052051180,0.25,0
192438360772,193021960469,0.35294117647058826,1
192438370772,193021970469,0.25,0
192438430774,193018980403,0.2222222222222222,0
192438470774,193022060471,0.2692307692307692,1
192438490775,193022130472,0.375,1
192438540775,193022160473,0.15,1
192438550775,193022170473,0.15,1
192438560776,193050871151,0.14814814814814814,1
192438760779,193053501215,0.3125,1
192438960782,193053671219,0.3333333333333333,1
192438970782,193053681219,0.3333333333333333,1
192439080785,193053821223,0.3157894736842105,1
192439320790,193044790995,0.12244897959183673,0
192439330791,193054131231,0.3333333333333333,1
192439410793,193054231234,0.16666666666666666,1
192439420793,193054241234,0.3333333333333333,1
192439560794,193046051030,0.14285714285714285,1
192440010801,193053211207,0.125,1
192440040801,193059471359,0.1875,1
192440500813,193009630195,0.2727272727272727,1
192440530813,193009680195,0.3157894736842105,1
192440620815,193007490162,0.19230769230769232,1
192440900821,193039860865,0.15,1
192440910821,193029380633,0.2857142857142857,1
192440960822,193055541262,0.3333333333333333,1
192440960822,193004740097,0.2631578947368421,0
192440980822,193055561262,0.3684210526315789,1
192440980822,193055571262,0.3,0
192440990822,193055571262,0.3157894736842105,1
192440990822,193055561262,0.25,0
192441100824,193055711265,0.19047619047619047,0
192441100824,193055701265,0.13636363636363635,0
192441100824,193055691265,0.13636363636363635,1
192441110824,193055701265,0.25,1
192441110824,193055691265,0.19047619047619047,0
192441150826,193033220721,0.16666666666666666,1
192441180827,193040880891,0.19047619047619047,1
192441190827,193055851269,0.21052631578947367,1
192441200827,193055861269,0.3181818181818182,1
192441270828,193055021250,0.14285714285714285,1
192441580835,193048111079,0.16,0
192441580835,193017590373,0.125,0
192441580835,193048101079,0.10344827586206896,0
192441610836,193049271106,0.3684210526315789,1
192441610836,193049291106,0.3,0
192441610836,193049281106,0.3,0
192441690837,193006410136,0.21428571428571427,0
192441690837,193006390136,0.21428571428571427,1
192441700837,193006400136,0.16666666666666666,1
192441720838,193057161301,0.2222222222222222,1
192441800840,193057221303,0.3,1
192441860840,193057241303,0.3181818181818182,1
192441910842,193037550824,0.28,1
192441910842,193037560824,0.23076923076923078,0
192442450851,193059731369,0.29411764705882354,0
192442560854,193056851292,0.2,1
192442710857,193056981295,0.25,1
192442710857,193036530805,0.17647058823529413,0
192443000862,193040820889,0.2777777777777778,0
192443000862,193037470823,0.2777777777777778,1
192443090864,193027890605,0.42105263157894735,1
192443090864,193027910605,0.25,0
192443090864,193027900605,0.23809523809523808,0
192443100864,193027900605,0.4117647058823529,1
192443100864,193027890605,0.25,0
192443100864,193027910605,0.21052631578947367,0
192443110864,193027910605,0.29411764705882354,1
192443110864,193027890605,0.2631578947368421,0
192443210867,193058051321,0.2222222222222222,1
192443220867,193058061321,0.25,1
192443310869,193053241209,0.22727272727272727,1
192443410871,193058161325,0.21739130434782608,1
192443520873,193031990692,0.125,1
192443920881,193058881343,0.20833333333333334,1
192443950881,193058871342,0.23529411764705882,1
192443970881,193058901343,0.16129032258064516,1
192444150883,193055961272,0.14285714285714285,0
192444300885,193028970627,0.16666666666666666,1
192444330886,193028670622,0.18181818181818182,1
192444350886,193028690622,0.3157894736842105,1
192444360886,193028700622,0.25,0
192444360886,193028690622,0.25,0
192444370886,193028700622,0.3157894736842105,1
192444500890,193044540989,0.14814814814814814,1
192444510890,193044550989,0.3125,1
192444540890,193044570989,0.17647058823529413,1
192444550890,193044570989,0.17647058823529413,0
192444580891,193028630621,0.17857142857142858,0
192444600891,193028650621,0.17857142857142858,0
192444630892,193028720623,0.42857142857142855,1
192444680893,193007400160,0.3,1
192444680893,193007420160,0.22727272727272727,0
192444700893,193007420160,0.4,1
192444760895,193015060308,0.18181818181818182,1
192444930898,193011380228,0.13043478260869565,1
192445000900,193029560637,0.25925925925925924,1
192445030901,193029580638,0.23809523809523808,1
192445040901,193029590638,0.3333333333333333,1
192445190904,193028060608,0.4,0
192445240905,193028110609,0.21428571428571427,1
192445290905,193028110609,0.14814814814814814,0
192445410909,193028250612,0.19047619047619047,1
192445470911,193026730581,0.26666666666666666,1
192445500911,193026740581,0.26666666666666666,1
192445540912,193028350615,0.24,0
192445540912,193030570659,0.20833333333333334,0
192445580912,193028390615,0.25,1
192445630913,193009000181,0.16666666666666666,1
192445710916,193031790685,0.16,0
192446110924,193031550681,0.21739130434782608,1
192446280928,193031720684,0.25,1
192446290928,193031730684,0.3181818181818182,1
192446330928,193031780684,0.22727272727272727,1
192446720936,193029860644,0.2857142857142857,0
192446730936,193029860644,0.38461538461538464,1
192446770937,193029890645,0.23333333333333334,1
192446790937,193029900645,0.23333333333333334,1
192446880939,193010920219,0.2608695652173913,1
192446990940,193026190563,0.14285714285714285,1
192447150943,193025840556,0.2727272727272727,1
192447150943,193015910330,0.21739130434782608,0
192447150943,193014830303,0.21739130434782608,0
192447160943,193025860556,0.2631578947368421,1
192447210944,193030220651,0.375,1
192447330946,193030390655,0.5625,1
192447330946,193030400655,0.3333333333333333,0
192447330946,193030410655,0.25,0
192447340946,193030400655,0.4375,1
192447340946,193030390655,0.3333333333333333,0
192447340946,193030410655,0.2,0
192447350946,193030410655,0.47058823529411764,1
192447350946,193030390655,0.25,0
192447360947,193034210750,0.3333333333333333,1
192447360947,193030480657,0.23529411764705882,0
192447440948,193034320754,0.14285714285714285,1
192447470949,193023190502,0.18518518518518517,1
192447520950,193027470596,0.375,1
192447740952,193026830583,0.17647058823529413,1
192447750952,193026850583,0.1875,1
192447860954,193023510508,0.16129032258064516,1
192448090959,193023750512,0.3333333333333333,1
192448090959,193023760512,0.2631578947368421,0
192448110959,193023780512,0.3157894736842105,1
192448130960,193024900536,0.2777777777777778,0
192448210961,193043080950,0.3333333333333333,1
192448270963,193021260453,0.3333333333333333,1
192448290963,193021280453,0.2857142857142857,1
192448340963,193033660735,0.16666666666666666,1
192448380964,193061791430,0.25,0
192448380964,193021360454,0.25,0
192448600969,193004620094,0.17647058823529413,1
192448650971,193019780420,0.16666666666666666,1
192448660971,193019790420,0.42857142857142855,1
192448670971,193019800420,0.3333333333333333,1
192448670971,193019810420,0.2631578947368421,0
192448680971,193019810420,0.3333333333333333,1
192448680971,193019800420,0.2631578947368421,0
192448820973,193019870422,0.12121212121212122,1
192449110975,193057071298,0.3125,0
192449170976,193020370433,0.13333333333333333,1
192449440980,193021940468,0.2,1
192449560983,193022430478,0.38461538461538464,1
192449830987,193020710440,0.3333333333333333,1
192450040993,193057911319,0.125,0
192450290997,193051581167,0.26666666666666666,1
192450300997,193051591167,0.29411764705882354,1
192450300997,193043030949,0.29411764705882354,0
192450451000,193051781172,0.21739130434782608,0
192450461000,193051781172,0.2727272727272727,0
192450661006,193047641069,0.3333333333333333,1
192450851010,193059651366,0.2631578947368421,1
192450911011,193059711368,0.4666666666666667,1
192451001014,193059841373,0.18518518518518517,1
192451161016,193059951376,0.29411764705882354,1
192451181016,193059921375,0.19047619047619047,1
192451201017,193059991377,0.3125,1
192451231018,193058941345,0.21428571428571427,1
192451281019,193058981346,0.25,1
192451311020,193000940019,0.18181818181818182,1
192451321020,193000950019,0.23076923076923078,1
192451351020,193000980019,0.2222222222222222,1
192451351020,193000990019,0.15789473684210525,0
192451411022,193059061349,0.17647058823529413,1
192451491024,193059111351,0.24,1
192451741029,193033120719,0.34782608695652173,1
192451741029,193033140719,0.24,0
192451781029,193033140719,0.4,1
192451781029,193033120719,0.21739130434782608,0
192451901031,193033170720,0.2,1
192452051034,193032910714,0.3333333333333333,0
192452061034,193032920714,0.3125,1
192452071035,193032930715,0.23809523809523808,1
192452141036,193032740709,0.4,1
192452151036,193032750709,0.3333333333333333,1
192452171037,193002660051,0.25,0
192452291039,193018790399,0.22727272727272727,1
192452311039,193018820399,0.18181818181818182,1
192452321039,193018810399,0.28,1
192452331040,193018830400,0.21739130434782608,1
192452351040,193018850400,0.11538461538461539,1
192452361041,193061481420,0.19230769230769232,1
192452371041,193061491420,0.42857142857142855,1
192452421043,193061451419,0.18181818181818182,1
192452471043,193061441418,0.15384615384615385,1
192452801051,193055331258,0.19047619047619047,1
192452831051,193055361258,0.38461538461538464,1
192452891053,193055641264,0.38461538461538464,1
192452951055,193061511421,0.3333333333333333,1
192452961055,193061521421,0.35294117647058826,1
192452991056,193060631394,0.3181818181818182,1
192453051058,193060731396,0.3333333333333333,1
192453091060,193060921400,0.375,1
192453151061,193060441389,0.3333333333333333,1
192453671066,193020600438,0.13793103448275862,1
192453681066,193020660439,0.14285714285714285,1
192453681066,193062911457,0.13636363636363635,0
192453681066,193047451063,0.13636363636363635,0
192454651073,193049781121,0.2777777777777778,0
192454651073,193034940768,0.2777777777777778,0
192454701074,193062531448,0.3125,1
192454731075,193008440166,0.24,0
192454741075,193008440166,0.24,0
192454821077,193025000538,0.2,0
192454851077,193053621218,0.18518518518518517,1
192454951079,193062661451,0.42857142857142855,1
192454971080,193062681452,0.3333333333333333,1
192455101083,193029870645,0.12,0
192455151085,193063321466,0.11764705882352941,1
192455181085,193006540140,0.15789473684210525,0
192455201086,193063171463,0.23809523809523808,1
192455271088,193062571449,0.15384615384615385,1
192455311088,193022070471,0.2857142857142857,1
192455391090,193062971458,0.35,1
192455391090,193062991458,0.2857142857142857,0
192455391090,193062981458,0.2857142857142857,0
192455401090,193062981458,0.3,1
192455411090,193062991458,0.3,1
192455581094,193052401189,0.2,1
192455601094,193052431189,0.26666666666666666,1
192455661096,193052341187,0.23529411764705882,1